campo1,campo2
2,z
3,y
4,x
5,w
6,a
7,r
8,g
9,v
10,u
11,e
12,f
13,h
14,j
15,l
16,w
17,r
18,d
19,c
20,E
21,T
22,w
23,e
24,c
25,b
26,W
27,w
28,r
29,p
30,i
31,v
32,s
33,z
34,y
35,x
36,w
37,a
38,r
39,g
40,v
41,u
42,e
43,f
44,h
45,j
46,l
47,w
48,r
49,d
50,c
51,E
52,T
53,w
54,e
55,c
56,b
57,W
58,w
59,r
60,p
61,i
62,v
63,s
64,z
65,y
66,x
67,w
68,a
69,r
70,g
71,v
72,u
73,e
74,f
75,h
76,j
77,l
78,w
79,r
80,d
81,c
82,E
83,T
84,w
85,e
86,c
87,b
88,W
89,w
90,r
91,p
92,i
93,v
94,s
95,z
96,y
97,x
98,w
99,a
100,r
101,g
102,v
103,u
104,e
105,f
106,h
107,j
108,l
109,w
110,r
111,d
112,c
113,E
114,T
115,w
116,e
117,c
118,b
119,W
120,w
121,r
122,p
123,i
124,v
125,s
126,z
127,y
128,x
129,w
130,a
131,r
132,g
133,v
134,u
135,e
136,f
137,h
138,j
139,l
140,w
141,r
142,d
143,c
144,E
145,T
146,w
147,e
148,c
149,b
150,W
151,w
152,r
153,p
154,i
155,v
156,s
157,z
158,y
159,x
160,w
161,a
162,r
163,g
164,v
165,u
166,e
167,f
168,h
169,j
170,l
171,w
172,r
173,d
174,c
175,E
176,T
177,w
178,e
179,c
180,b
181,W
182,w
183,r
184,p
185,i
186,v
187,s
188,z
189,y
190,x
191,w
192,a
193,r
194,g
195,v
196,u
197,e
198,f
199,h
200,j
201,l
202,w
203,r
204,d
205,c
206,E
207,T
208,w
209,e
210,c
211,b
212,W
213,w
214,r
215,p
216,i
217,v
218,s
219,z
220,y
221,x
222,w
223,a
224,r
225,g
226,v
227,u
228,e
229,f
230,h
231,j
232,l
233,w
234,r
235,d
236,c
237,E
238,T
239,w
240,e
241,c
242,b
243,W
244,w
245,r
246,p
247,i
248,v
249,s
250,z
251,y
252,x
253,w
254,a
255,r
256,g
257,v
258,u
259,e
260,f
261,h
262,j
263,l
264,w
265,r
266,d
267,c
268,E
269,T
270,w
271,e
272,c
273,b
274,W
275,w
276,r
277,p
278,i
279,v
280,s
281,z
282,y
283,x
284,w
285,a
286,r
287,g
288,v
289,u
290,e
291,f
292,h
293,j
294,l
295,w
296,r
297,d
298,c
299,E
300,T
301,w
302,e
303,c
304,b
305,W
306,w
307,r
308,p
309,i
310,v
311,s
312,z
313,y
314,x
315,w
316,a
317,r
318,g
319,v
320,u
321,e
322,f
323,h
324,j
325,l
326,w
327,r
328,d
329,c
330,E
331,T
332,w
333,e
334,c
335,b
336,W
337,w
338,r
339,p
340,i
341,v
342,s
343,z
344,y
345,x
346,w
347,a
348,r
349,g
350,v
351,u
352,e
353,f
354,h
355,j
356,l
357,w
358,r
359,d
360,c
361,E
362,T
363,w
364,e
365,c
366,b
367,W
368,w
369,r
370,p
371,i
372,v
373,s
374,z
375,y
376,x
377,w
378,a
379,r
380,g
381,v
382,u
383,e
384,f
385,h
386,j
387,l
388,w
389,r
390,d
391,c
392,E
393,T
394,w
395,e
396,c
397,b
398,W
399,w
400,r
401,p
402,i
403,v
404,s
405,z
406,y
407,x
408,w
409,a
410,r
411,g
412,v
413,u
414,e
415,f
416,h
417,j
418,l
419,w
420,r
421,d
422,c
423,E
424,T
425,w
426,e
427,c
428,b
429,W
430,w
431,r
432,p
433,i
434,v
435,s
436,z
437,y
438,x
439,w
440,a
441,r
442,g
443,v
444,u
445,e
446,f
447,h
448,j
449,l
450,w
451,r
452,d
453,c
454,E
455,T
456,w
457,e
458,c
459,b
460,W
461,w
462,r
463,p
464,i
465,v
466,s
467,z
468,y
469,x
470,w
471,a
472,r
473,g
474,v
475,u
476,e
477,f
478,h
479,j
480,l
481,w
482,r
483,d
484,c
485,E
486,T
487,w
488,e
489,c
490,b
491,W
492,w
493,r
494,p
495,i
496,v
497,s
498,z
499,y
500,x
501,w
502,a
503,r
504,g
505,v
506,u
507,e
508,f
509,h
510,j
511,l
512,w
513,r
514,d
515,c
516,E
517,T
518,w
519,e
520,c
521,b
522,W
523,w
524,r
525,p
526,i
527,v
528,s
529,z
530,y
531,x
532,w
533,a
534,r
535,g
536,v
537,u
538,e
539,f
540,h
541,j
542,l
543,w
544,r
545,d
546,c
547,E
548,T
549,w
550,e
551,c
552,b
553,W
554,w
555,r
556,p
557,i
558,v
559,s
560,z
561,y
562,x
563,w
564,a
565,r
566,g
567,v
568,u
569,e
570,f
571,h
572,j
573,l
574,w
575,r
576,d
577,c
578,E
579,T
580,w
581,e
582,c
583,b
584,W
585,w
586,r
587,p
588,i
589,v
590,s
591,z
592,y
593,x
594,w
595,a
596,r
597,g
598,v
599,u
600,e
601,f
602,h
603,j
604,l
605,w
606,r
607,d
608,c
609,E
610,T
611,w
612,e
613,c
614,b
615,W
616,w
617,r
618,p
619,i
620,v
621,s
622,z
623,y
624,x
625,w
626,a
627,r
628,g
629,v
630,u
631,e
632,f
633,h
634,j
635,l
636,w
637,r
638,d
639,c
640,E
641,T
642,w
643,e
644,c
645,b
646,W
647,w
648,r
649,p
650,i
651,v
652,s
653,z
654,y
655,x
656,w
657,a
658,r
659,g
660,v
661,u
662,e
663,f
664,h
665,j
666,l
667,w
668,r
669,d
670,c
671,E
672,T
673,w
674,e
675,c
676,b
677,W
678,w
679,r
680,p
681,i
682,v
683,s
684,z
685,y
686,x
687,w
688,a
689,r
690,g
691,v
692,u
693,e
694,f
695,h
696,j
697,l
698,w
699,r
700,d
701,c
702,E
703,T
704,w
705,e
706,c
707,b
708,W
709,w
710,r
711,p
712,i
713,v
714,s
715,z
716,y
717,x
718,w
719,a
720,r
721,g
722,v
723,u
724,e
725,f
726,h
727,j
728,l
729,w
730,r
731,d
732,c
733,E
734,T
735,w
736,e
737,c
738,b
739,W
740,w
741,r
742,p
743,i
744,v
745,s
746,z
747,y
748,x
749,w
750,a
751,r
752,g
753,v
754,u
755,e
756,f
757,h
758,j
759,l
760,w
761,r
762,d
763,c
764,E
765,T
766,w
767,e
768,c
769,b
770,W
771,w
772,r
773,p
774,i
775,v
776,s
777,z
778,y
779,x
780,w
